id,first_name,last_name,email,gender,ip_address
1,Aggie,Kelshaw,akelshaw0@shop-pro.jp,Genderqueer,123.163.70.223
2,Nisse,Garard,ngarard1@webnode.com,Female,23.214.228.123
3,Ced,Martinetto,cmartinetto2@boston.com,Male,209.134.72.13
4,Diannne,Stollenbecker,dstollenbecker3@canalblog.com,Genderqueer,18.140.200.240
5,Etienne,Kellitt,ekellitt4@smh.com.au,Male,157.221.165.76
6,Bastien,Gosenell,bgosenell5@e-recht24.de,Male,148.209.250.141
7,Normie,de Cullip,ndecullip6@unblog.fr,Agender,220.131.32.205
8,Eleanora,Pitkeathley,epitkeathley7@indiatimes.com,Female,62.121.33.193
9,Broddy,Demchen,bdemchen8@wsj.com,Bigender,111.41.201.91
10,Kirby,Loveredge,kloveredge9@nyu.edu,Female,121.124.47.206
11,Rodd,Velez,rveleza@wordpress.com,Male,204.23.201.181
12,Genovera,Schnitter,gschnitterb@cbsnews.com,Female,207.126.94.242
13,Anestassia,Sketh,askethc@naver.com,Female,232.200.152.36
14,Skip,Keymar,skeymard@seesaa.net,Male,238.49.231.73
15,Marcel,Pointer,mpointere@ox.ac.uk,Male,236.139.44.58
16,Hyman,Gareisr,hgareisrf@wp.com,Male,121.209.206.134
17,Pace,Oolahan,poolahang@wsj.com,Male,74.218.250.59
18,Brooks,Queripel,bqueripelh@sciencedirect.com,Female,236.31.46.67
19,Hillard,Richards,hrichardsi@liveinternet.ru,Male,79.176.94.60
20,Willie,Joyson,wjoysonj@xinhuanet.com,Female,75.125.180.255
21,Kimberlyn,Swaite,kswaitek@topsy.com,Female,57.121.138.233
22,Aloisia,Gidney,agidneyl@google.de,Female,134.163.237.106
23,Herrick,Jirka,hjirkam@usda.gov,Male,146.249.52.221
24,Kylie,Somerlie,ksomerlien@about.me,Male,18.166.210.207
25,Tanny,Wickenden,twickendeno@hhs.gov,Male,168.49.168.46
26,Dianemarie,Weymont,dweymontp@homestead.com,Female,221.23.24.80
27,Carree,Bushel,cbushelq@ebay.co.uk,Female,164.149.6.79
28,Michal,Smy,msmyr@google.fr,Female,237.203.19.145
29,Tyne,Mellmer,tmellmers@samsung.com,Female,226.165.133.122
30,Daffie,Broad,dbroadt@utexas.edu,Female,251.130.162.127
31,Leland,Pearsall,lpearsallu@hugedomains.com,Female,99.51.37.20
32,Loydie,Karpmann,lkarpmannv@sohu.com,Genderfluid,49.14.91.198
33,Zelig,Blankenship,zblankenshipw@aol.com,Male,253.16.235.198
34,Crin,Noraway,cnorawayx@ucoz.com,Female,44.37.129.40
35,Lambert,Fairs,lfairsy@studiopress.com,Male,242.252.98.133
36,Leopold,Gadson,lgadsonz@si.edu,Male,87.208.215.206
37,Jerry,Gorst,jgorst10@slashdot.org,Female,51.202.229.242
38,Ainslee,Pithcock,apithcock11@statcounter.com,Female,213.81.110.62
39,West,Armstead,warmstead12@mashable.com,Male,162.83.133.45
40,Amalee,Dysert,adysert13@bbc.co.uk,Female,6.191.19.12
41,Sydel,Tinham,stinham14@skyrock.com,Female,243.225.45.104
42,Orville,Smales,osmales15@1und1.de,Male,12.44.182.158
43,Andromache,Freke,afreke16@canalblog.com,Female,161.128.64.102
44,Aarika,Izakson,aizakson17@alibaba.com,Female,137.2.158.179
45,Burch,Zollner,bzollner18@acquirethisname.com,Male,251.249.139.236
46,Miles,Brinsden,mbrinsden19@merriam-webster.com,Male,136.5.165.247
47,Gay,Dash,gdash1a@tinypic.com,Female,25.98.77.105
48,Joyan,Ipsley,jipsley1b@issuu.com,Female,61.186.181.16
49,Elsi,Mowday,emowday1c@soup.io,Female,63.199.222.48
50,Aili,McKeurtan,amckeurtan1d@columbia.edu,Female,160.73.8.230
51,Nelle,Sandbach,nsandbach1e@imgur.com,Female,157.41.132.7
52,Elisha,Ketch,eketch1f@weebly.com,Female,21.242.176.231
53,Maurizia,Patshull,mpatshull1g@amazonaws.com,Female,186.96.175.171
54,Jens,Yokelman,jyokelman1h@wisc.edu,Male,159.117.137.95
55,Gawen,Milburne,gmilburne1i@businessweek.com,Male,207.237.198.66
56,Odo,Welband,owelband1j@cpanel.net,Male,34.176.71.56
57,Pris,Peck,ppeck1k@prlog.org,Female,86.45.65.235
58,Fletcher,Yuille,fyuille1l@newsvine.com,Male,146.40.207.240
59,Trudey,Sarjant,tsarjant1m@aboutads.info,Female,134.102.59.170
60,Joceline,Rymer,jrymer1n@vinaora.com,Female,26.238.52.63
61,Vito,Rozycki,vrozycki1o@storify.com,Agender,201.162.46.44
62,Maison,Shakesby,mshakesby1p@creativecommons.org,Male,47.228.23.193
63,Evelina,Kristoffersen,ekristoffersen1q@mail.ru,Genderfluid,90.56.39.18
64,Zitella,Stollmeier,zstollmeier1r@statcounter.com,Polygender,238.85.156.120
65,Betteanne,Baselio,bbaselio1s@artisteer.com,Female,153.30.189.228
66,Granville,Bridgwood,gbridgwood1t@odnoklassniki.ru,Male,246.247.72.56
67,Marty,Pere,mpere1u@cyberchimps.com,Female,230.67.4.67
68,Jack,Caldroni,jcaldroni1v@adobe.com,Male,217.122.214.2
69,Gib,Beininck,gbeininck1w@un.org,Male,140.14.206.41
70,Rayna,Revelle,rrevelle1x@amazon.com,Female,100.178.74.78
71,Patric,Bloy,pbloy1y@samsung.com,Male,167.17.1.101
72,Amory,Trevor,atrevor1z@technorati.com,Male,206.203.0.199
73,Monika,Zoppie,mzoppie20@com.com,Female,149.203.196.92
74,Dulce,Mc Combe,dmccombe21@sphinn.com,Female,178.213.96.249
75,Job,Bratch,jbratch22@marketwatch.com,Male,226.44.124.157
76,Gianni,Leale,gleale23@usda.gov,Male,200.60.24.59
77,Abey,Mueller,amueller24@webs.com,Male,155.123.83.35
78,Tuckie,Birdwhistle,tbirdwhistle25@harvard.edu,Male,161.242.63.83
79,Town,Rambaut,trambaut26@moonfruit.com,Male,113.148.211.101
80,Danielle,Paddemore,dpaddemore27@yellowpages.com,Female,70.101.45.103
81,Rivkah,Mayler,rmayler28@tmall.com,Female,156.30.144.82
82,Israel,Yakovlev,iyakovlev29@geocities.jp,Male,183.200.102.120
83,Lorne,McFetridge,lmcfetridge2a@virginia.edu,Male,114.203.88.93
84,Chen,Bennedick,cbennedick2b@bbc.co.uk,Male,191.158.19.133
85,Mord,Roadnight,mroadnight2c@netvibes.com,Male,43.61.125.121
86,Hewitt,Ninnoli,hninnoli2d@ucsd.edu,Male,221.194.43.8
87,Ingram,Langridge,ilangridge2e@newyorker.com,Male,7.71.145.145
88,Malchy,Biasioli,mbiasioli2f@ibm.com,Male,64.36.251.170
89,Wilfred,Lomb,wlomb2g@themeforest.net,Male,182.47.147.204
90,Curran,Coast,ccoast2h@omniture.com,Male,119.139.234.145
91,Brig,Houchin,bhouchin2i@bloomberg.com,Male,200.33.181.49
92,Mayer,Riddiford,mriddiford2j@sbwire.com,Male,100.125.148.177
93,Shay,Heyfield,sheyfield2k@aboutads.info,Bigender,70.199.252.61
94,Etienne,Aleksahkin,ealeksahkin2l@who.int,Male,188.4.225.143
95,Regan,Beavan,rbeavan2m@hibu.com,Male,125.194.157.251
96,Garret,Held,gheld2n@xrea.com,Male,93.76.61.117
97,Jillayne,Jerisch,jjerisch2o@youtube.com,Female,218.67.234.136
98,Ariela,Coutthart,acoutthart2p@omniture.com,Female,120.187.41.109
99,Rosetta,Johananoff,rjohananoff2q@who.int,Female,201.154.59.240
100,Vittorio,Grivori,vgrivori2r@businessweek.com,Male,8.33.167.94
